name,Page_number,type,gender,brand
Unisex Garment-Dyed T-shirt,1:00,T-shirt,unisex,Continental
Unisex Heavy Cotton Tee,1:01,T-shirt,unisex,Continental
Unisex Jersey Short Sleeve Tee,1:02,T-shirt,unisex,Comfort Colors
Unisex Garment-Dyed Drop-Shoulder T-Shirt,1:03,T-shirt,unisex,B&Q
Unisex Softstyle T-Shirt,1:04,T-shirt,unisex,Comfort Colors
Unisex Cotton Crew Tee,1:05,T-shirt,unisex,Continental
Unisex Ultra Cotton Tee,1:06,T-shirt,unisex,Comfort Colors
Unisex Jersey Short Sleeve V-Neck Tee,1:07,T-shirt,unisex,Body Spinner
Unisex Jersey T-Shirt,1:08,T-shirt,unisex,B&Q
Unisex Tri-Blend Crew Tee,1:09,T-shirt,unisex,Body Spinner
Unisex Moisture Wicking Tee,1:10,T-shirt,unisex,B&Q
Unisex Cut & Sew Tee (AOP),1:11,T-shirt,unisex,B&Q
Unisex CVC Jersey T-shirt,1:12,T-shirt,unisex,Continental
Unisex Oversized Boxy Tee,1:13,T-shirt,unisex,Comfort Colors
Men's Heavy Oversized Tee,1:14,T-shirt,Male,Body Spinner
Beefy-T® Short-Sleeve T-Shirt,1:15,T-shirt,unisex,Continental
Adult Staple Tee,1:16,T-shirt,unisex,B&Q
Unisex Garment-Dyed Heavyweight Cotton Tee,1:17,T-shirt,unisex,B&Q
Men's Sport Polo Shirt,1:18,T-shirt,Male,Continental
Unisex Classic Tee,1:19,T-shirt,unisex,B&Q
Unisex Cotton Ringer T-Shirt,1:20,T-shirt,unisex,Body Spinner
Men's Sports Jersey (AOP),1:21,T-shirt,Male,Continental
Unisex Color Blast T-Shirt,1:22,T-shirt,unisex,Body Spinner
Unisex Polo Shirt (AOP),1:23,T-shirt,unisex,Body Spinner
Unisex Garment-Dyed Pocket T-Shirt,1:24,T-shirt,unisex,B&Q
adidas Unisex Performance Polo,1:25,T-shirt,unisex,Body Spinner
Men's Piqué Polo,1:26,T-shirt,Male,B&Q
Unisex HD Cotton™ T-shirt,1:27,T-shirt,unisex,B&Q
Unisex Zone Performance T-shirt,1:28,T-shirt,unisex,B&Q
Unisex Triblend Tee,1:29,T-shirt,unisex,Body Spinner
Unisex Urban Heavy Tee,1:30,T-shirt,unisex,B&Q
Men's Polyester Tee (AOP),2:00,T-shirt,Male,B&Q
Men's Lightweight Fashion Tee,2:01,T-shirt,Male,Body Spinner
"Tie-Dye Tee, Cyclone",2:02,T-shirt,unisex,B&Q
"Tie-Dye Tee, Spiral",2:03,T-shirt,unisex,Continental
Unisex Heavy Faded Tee,2:04,T-shirt,unisex,Comfort Colors
Unisex Polo Shirt (Embroidery),2:05,T-shirt,unisex,Body Spinner
Champion T-Shirt,2:06,T-shirt,unisex,B&Q
Under Armour® Men's Polo Shirt (Embroidery),2:07,T-shirt,Male,B&Q
Unisex Long Sleeve T-Shirt,2:08,T-shirt,unisex,B&Q
Men's Very Important Tee,2:09,T-shirt,Male,B&Q
Men's Hawaiian Camp Shirt (AOP),2:10,T-shirt,Male,Body Spinner
adidas Unisex Sport T-shirt,2:11,T-shirt,unisex,B&Q
Unisex Recycled Organic T-Shirt,2:12,T-shirt,unisex,Body Spinner
Unisex Mineral Wash T-Shirt,2:13,T-shirt,unisex,B&Q
USA-Made Unisex Short-Sleeve Jersey T-Shirt,2:14,T-shirt,unisex,B&Q
"Tie-Dye Tee, Crystal",2:15,T-shirt,unisex,Continental
Organic Unisex Classic T-Shirt,2:16,T-shirt,unisex,B&Q
Organic Staple T-shirt,2:17,T-shirt,unisex,Body Spinner
Men's Staple Ringer Tee,2:18,T-shirt,Male,Body Spinner
Men's Performance T-Shirt,2:19,T-shirt,Male,B&Q
Unisex Pocket T-shirt,2:20,T-shirt,unisex,B&Q
Men's Heavyweight Tee,2:21,T-shirt,Male,B&Q
Men's Fitted V-Neck Short Sleeve Tee,2:22,T-shirt,Male,Comfort Colors
Unisex Sueded T-Shirt,2:23,T-shirt,unisex,Body Spinner
Unisex Faded Shirt,2:24,T-shirt,unisex,Body Spinner
"Unisex Midweight T-shirt, Made in US",2:25,T-shirt,unisex,Comfort Colors
Unisex Long Body Urban Tee,2:26,T-shirt,unisex,B&Q
Men's Raglan T-Shirt,2:27,T-shirt,Male,Body Spinner
Unisex Classic Crewneck T-Shirt,2:28,T-shirt,unisex,Continental
Men's Fine Jersey Tee,2:29,T-shirt,Male,Body Spinner
Unisex Deluxe T-shirt,2:30,T-shirt,unisex,Body Spinner
Unisex Hammer™ T-shirt,3:00,T-shirt,unisex,Comfort Colors
Men's Staple Faded Tee,3:01,T-shirt,Male,B&Q
Unisex ComfortWash® Garment-Dyed T-Shirt,3:02,T-shirt,unisex,B&Q
Men's Jersey Curved Hem Tee,3:03,T-shirt,Male,Continental
Unisex FWD Fashion Tie-Dyed T-Shirt,3:04,T-shirt,unisex,B&Q
Men's Basic Tee,3:05,T-shirt,Male,Continental
Oversized Tie-Dye T-Shirt (Embroidery),3:06,T-shirt,unisex,Body Spinner
Unisex Garment-Dyed Drop-Shoulder T-Shirt,3:07,T-shirt,unisex,Comfort Colors
Men's Heavy Faded Long Sleeve Tee,3:08,T-shirt,Male,B&Q
Men's Staple V Neck Tee,3:09,T-shirt,Male,B&Q
Men's Lightweight V-Neck Tee,3:10,T-shirt,Male,B&Q
Unisex Creator 2.0 T-shirt,3:11,T-shirt,unisex,Continental
Men's Hawaiian Shirt (AOP),3:12,T-shirt,Male,Body Spinner
Men's Baseball Jersey (AOP),3:13,T-shirt,Male,Continental
Men's Loose T-shirt (AOP),3:14,T-shirt,Male,Continental
Single Jersey Men's T-shirt,3:15,T-shirt,unisex,Comfort Colors
Unisex Ultra Heavy Cotton Box Tee,3:16,T-shirt,unisex,B&Q
Unisex Classic Jersey T-shirt,3:17,T-shirt,unisex,Body Spinner
Men's Baseball Jersey (AOP),3:18,T-shirt,Male,Body Spinner
Unisex Heavy Oversize Tee,3:19,T-shirt,unisex,Continental
Men's Acid Washed Heavy Oversize Tee,3:20,T-shirt,Male,Body Spinner
Unisex Freestyler Dry Handfeel Heavy Tee,3:21,T-shirt,unisex,B&Q
Acid Washed Round Neck Tee,3:22,T-shirt,unisex,Continental
Men's Short Sleeve T-Shirt,3:23,T-shirt,Male,Body Spinner
Single Jersey T-shirt,3:24,T-shirt,unisex,B&Q
Men's Modern-fit Tee,3:25,T-shirt,Male,B&Q
Unisex Ultra Cotton® Tall T-Shirt,3:26,T-shirt,unisex,B&Q
Men’s Presenter V-neck,3:27,T-shirt,unisex,B&Q
Unisex Hawaiian Shirt (AOP),3:28,T-shirt,unisex,Comfort Colors
Unisex Iconic T-Shirt,3:29,T-shirt,unisex,Body Spinner
Short-Sleeved T-Shirt for Men,3:30,T-shirt,unisex,Continental
Men's T-Shirt (AOP),4:00,T-shirt,Male,Continental
"Ceramic Mug, (11oz, 15oz)",1:01,Mug,none,B&Q
"Accent Coffee Mug (11, 15oz)",1:02,Mug,none,Body Spinner
"Black Mug (11oz, 15oz)",1:03,Mug,none,Continental
"Clear Glass Mug with Handle, 10oz",1:04,Mug,none,Comfort Colors
Mug 11oz,1:05,Mug,none,B&Q
Mug 15oz,1:06,Mug,none,B&Q
"Colorful Mugs (11oz, 15oz)",1:07,Mug,none,Body Spinner
"Black Mug, 15oz",1:08,Mug,none,Comfort Colors
"Color Morphing Mug, 11oz",1:09,Mug,none,Body Spinner
Enamel Camping Mug,1:10,Mug,none,B&Q
"Glass Mug, 10oz",1:11,Mug,none,Continental
"Insulated Coffee Mug, 10oz",1:12,Mug,none,Body Spinner
Enamel Camp Cup,1:13,Mug,none,Continental
"Jumbo Mug, 20oz",1:14,Mug,none,Body Spinner
Latte Mug,1:15,Mug,none,B&Q
Beer Stein Mug,1:16,Mug,none,B&Q
"White Ceramic Mug, 11oz",1:17,Mug,none,Continental
Accent Mugs,1:18,Mug,none,Comfort Colors
Metallic Mug (Silver\Gold),1:19,Mug,none,B&Q
11oz Accent Mug,1:20,Mug,none,Body Spinner
"Black Coffee Mug, 11oz",1:21,Mug,none,B&Q
Frosted Glass Beer Mug,1:22,Mug,none,B&Q
"White Ceramic Mug, 11oz",1:23,Mug,none,Body Spinner
"Ceramic Coffee Cups, 11oz, 15oz",1:24,Mug,none,B&Q
Ceramic Mug (EU),1:25,Mug,none,B&Q
"Standard Mug, 11oz",1:26,Mug,none,Continental
Ceramic Mugs (11oz\15oz\20oz),1:27,Mug,none,Body Spinner
11oz White Mug,1:28,Mug,none,Body Spinner
"Two-Tone Coffee Mug, 11oz",1:29,Mug,none,Continental
"Two-Tone Coffee Mugs, 11oz",1:30,Mug,none,Body Spinner
"Colorful Accent Mugs, 11oz",1:31,Mug,none,B&Q
"Accent Mugs, 11oz",1:32,Mug,none,Body Spinner
"White Accent Mug, 11oz",2:01,Mug,none,Body Spinner
"Black Coffee Cup, 11oz",2:02,Mug,none,Comfort Colors
Stein Mug,2:03,Mug,none,Body Spinner
"Latte Mug, 12oz",2:04,Mug,none,Continental
Heart-Shaped Mug,2:05,Mug,none,Continental
"White Mug, 11oz",2:06,Mug,none,Continental
"Magic Mug, 11oz",2:07,Mug,none,Comfort Colors
Mason Jar,2:08,Mug,none,B&Q
"Frosted Glass Coffee Mug, 11oz",2:09,Mug,none,Comfort Colors
"Color-Changing Mug, 11oz",2:10,Mug,none,B&Q
"White Ceramic Mug, 11oz and 15oz",2:11,Mug,none,B&Q
Magic Mug,2:12,Mug,none,Body Spinner
Unisex Heavy Blend™ Hooded Sweatshirt,1:01,Hoodie,unisex,Continental
Unisex Heavy Blend™ Full Zip Hooded Sweatshirt,1:02,Hoodie,unisex,B&Q
Three-Panel Fleece Hoodie,1:03,Hoodie,unisex,B&Q
Relaxed Hoodie,1:04,Hoodie,unisex,Comfort Colors
Unisex Midweight Softstyle Fleece Hoodie,1:05,Hoodie,unisex,Continental
Champion Hoodie,1:06,Hoodie,unisex,B&Q
Unisex College Hoodie,1:07,Hoodie,unisex,Continental
Unisex Garment-Dyed Hoodie,1:08,Hoodie,unisex,Comfort Colors
Men's NUBLEND® Hooded Sweatshirt,1:09,Hoodie,Male,Comfort Colors
Unisex Lightweight Hooded Sweatshirt,1:10,Hoodie,unisex,Continental
Unisex Zip Hoodie,1:11,Hoodie,unisex,Body Spinner
Unisex Pullover Hoodie (AOP),1:12,Hoodie,unisex,Body Spinner
Unisex Supply Hoodie,1:13,Hoodie,unisex,Body Spinner
Unisex Sponge Fleece Pullover Hoodie,1:14,Hoodie,unisex,B&Q
Unisex Hooded Sweatshirt,1:15,Hoodie,unisex,Body Spinner
Unisex EcoSmart® Pullover Hoodie Sweatshirt,1:16,Hoodie,unisex,B&Q
Unisex Zip Hoodie (AOP),1:17,Hoodie,unisex,B&Q
Unisex DryBlend® Hooded Sweatshirt,1:18,Hoodie,unisex,B&Q
adidas Unisex Fleece Hoodie,1:19,Hoodie,unisex,Body Spinner
Unisex Hooded Long Sleeve Tee,1:20,Hoodie,unisex,Body Spinner
"Unisex Hooded Sweatshirt, Made in US",1:21,Hoodie,unisex,Comfort Colors
Unisex Eco Raglan Hoodie (Embroidery),1:22,Hoodie,unisex,B&Q
Unisex Fleece Zip Up Hoodie,1:23,Hoodie,unisex,Continental
Unisex Champion Tie-Dye Hoodie (Embroidery),1:24,Hoodie,unisex,B&Q
Unisex Fleece Hoodie,1:25,Hoodie,unisex,Continental
Unisex Pigment-Dyed Hoodie (Embroidery),1:26,Hoodie,unisex,B&Q
Fashion Hoodie (AOP),1:27,Hoodie,unisex,Continental
Athletic Hoodie (AOP),1:28,Hoodie,unisex,Continental
Unisex Full Zip Hoodie,1:29,Hoodie,unisex,B&Q
Unisex Cruiser 2.0 Hoodie,1:30,Hoodie,unisex,Comfort Colors
King Hooded Sweatshirt,1:31,Hoodie,unisex,Continental
Men's Full-Zip Hoodie (AOP),2:01,Hoodie,Male,Continental
Unisex Hooded Zip Sweatshirt,2:02,Hoodie,unisex,Continental
Unisex Hooded Blanket,2:03,Hoodie,unisex,Continental
Men's Organic Hoodie,2:04,Hoodie,Male,B&Q
Men's Hoodie (AOP),2:05,Hoodie,Male,B&Q
Unisex Pullover Hoodie,2:06,Hoodie,unisex,Comfort Colors
Unisex Varsity Hoodie,2:07,Hoodie,unisex,Body Spinner
Unisex Sider Hoodie,2:08,Hoodie,unisex,Comfort Colors
Tough Cases,1:01,Phone case,none,SPOKE Customs
Tough Phone Cases,1:02,Phone case,none,D-Brand
Magnetic Tough Cases,1:03,Phone case,none,WOYC
Vegan Wallet (Magsafe® Compatible),1:04,Phone case,none,D-Brand
Slim Phone Cases,1:05,Phone case,none,SPOKE Customs
Tough Magnetic Cases,1:06,Phone case,none,WOYC
Impact-Resistant Cases,1:07,Phone case,none,Casestry
Clear Cases,1:08,Phone case,none,WOYC
Flexi Cases,1:09,Phone case,none,WOYC
Snap Cases,1:10,Phone case,none,Casestry
Magnetic Clear Impact Cases,1:11,Phone case,none,D-Brand
Clear Cases,1:12,Phone case,none,WOYC
Flip Cases,1:13,Phone case,none,D-Brand
Biodegradable Cases,1:14,Phone case,none,WOYC
Slim Cases,1:15,Phone case,none,D-Brand
Phone Click-On Grip,1:16,Phone case,none,WOYC
Phone Case With Card Holder,1:17,Phone case,none,Casestry
Phone Skin,1:18,Phone case,none,D-Brand
Soft Phone Cases,1:19,Phone case,none,WOYC
Slim Snap Case,1:20,Phone case,none,WOYC
Clear Silicone Phone Cases,1:21,Phone case,none,SPOKE Customs
Silicone Phone Cases,1:22,Phone case,none,WOYC
